"日期","收盘","开盘","高","低","交易量","涨跌幅"
"2021年9月7日","91.14","90.80","93.47","90.43","6.80M","6.04%"
"2021年9月3日","85.95","84.93","87.26","84.55","3.03M","2.65%"
"2021年9月2日","83.73","85.47","86.48","82.46","4.26M","-0.98%"
"2021年9月1日","84.56","82.52","87.49","81.75","9.11M","5.40%"
"2021年8月31日","80.23","76.27","80.24","75.11","7.37M","8.23%"
"2021年8月30日","74.13","70.20","74.62","70.00","7.34M","-1.59%"
"2021年8月27日","75.33","76.48","76.89","74.44","4.52M","-2.79%"
"2021年8月26日","77.49","77.63","79.32","76.56","4.66M","-2.68%"
"2021年8月25日","79.62","76.40","79.89","76.13","5.36M","1.54%"
"2021年8月24日","78.41","75.19","78.80","75.00","9.79M","11.82%"
"2021年8月23日","70.12","68.81","71.50","67.57","6.91M","5.38%"
"2021年8月20日","66.54","65.13","70.49","65.11","7.48M","3.44%"
"2021年8月19日","64.33","65.27","66.68","61.63","9.14M","-6.03%"
"2021年8月18日","68.46","70.35","70.35","66.51","4.17M","1.00%"
"2021年8月17日","67.78","66.50","69.58","64.15","8.00M","-2.42%"
"2021年8月16日","69.46","71.93","72.52","69.10","6.54M","-6.26%"
"2021年8月13日","74.10","78.27","78.27","73.81","6.63M","-7.31%"
"2021年8月12日","79.94","79.30","80.33","77.88","4.33M","-0.54%"
"2021年8月11日","80.37","80.61","81.08","78.22","3.70M","0.22%"
"2021年8月10日","80.19","84.70","85.01","79.81","6.80M","-2.21%"
"2021年8月9日","82.00","79.72","83.15","76.33","3.98M","4.22%"
"2021年8月6日","78.68","80.70","81.34","77.56","4.79M","-2.07%"
"2021年8月5日","80.34","80.11","81.47","78.83","5.89M","-3.10%"
"2021年8月4日","82.91","84.68","86.09","82.10","3.66M","-1.30%"
"2021年8月3日","84.00","83.40","84.82","81.20","7.14M","-7.06%"
"2021年8月2日","90.38","85.04","92.49","85.00","4.78M","5.61%"
"2021年7月30日","85.58","83.44","86.37","82.74","5.44M","-4.25%"
"2021年7月29日","89.38","93.38","93.58","88.77","5.80M","-3.44%"
"2021年7月28日","92.56","86.99","95.95","86.99","10.07M","11.88%"
"2021年7月27日","82.73","80.63","85.42","79.13","15.41M","-5.41%"
"2021年7月26日","87.46","87.79","91.27","85.98","12.30M","-8.14%"
"2021年7月23日","95.21","100.04","100.55","90.81","15.42M","-12.38%"
"2021年7月22日","108.66","112.60","112.60","107.91","6.76M","-5.99%"
"2021年7月21日","115.58","110.53","116.18","110.20","2.85M","3.27%"
"2021年7月20日","111.92","108.33","112.50","106.99","1.86M","3.17%"
"2021年7月19日","108.48","106.08","108.92","104.43","2.29M","-0.49%"
"2021年7月16日","109.01","110.93","111.50","108.17","1.58M","-1.01%"
"2021年7月15日","110.12","109.25","114.17","108.48","3.38M","1.41%"
"2021年7月14日","108.59","111.50","111.50","107.91","2.19M","-1.62%"
"2021年7月13日","110.38","110.34","112.64","108.24","4.02M","3.18%"
"2021年7月12日","106.98","107.35","108.25","104.50","2.36M","0.22%"
"2021年7月9日","106.74","105.06","107.10","102.30","8.20M","6.53%"
"2021年7月8日","100.20","100.68","101.39","97.98","5.98M","-3.64%"
"2021年7月7日","103.98","110.20","111.18","103.08","4.71M","-4.31%"
"2021年7月6日","108.66","113.00","113.35","107.90","5.95M","-9.13%"
"2021年7月2日","119.58","119.03","122.43","117.28","2.16M","-1.26%"
"2021年7月1日","121.11","122.57","124.39","118.70","2.75M","-0.60%"
"2021年6月30日","121.84","123.60","124.00","121.75","1.67M","-2.96%"
"2021年6月29日","125.56","124.34","126.90","121.93","2.77M","-1.02%"
"2021年6月28日","126.85","127.60","129.21","123.60","2.69M","1.93%"
"2021年6月25日","124.45","122.50","128.70","121.26","7.14M","2.35%"
"2021年6月24日","121.59","115.96","121.97","115.96","4.59M","6.32%"
"2021年6月23日","114.36","110.33","116.89","110.33","2.87M","3.84%"
"2021年6月22日","110.13","110.10","111.02","108.92","4.69M","-3.04%"
"2021年6月21日","113.58","117.11","117.75","111.83","3.09M","-4.05%"
"2021年6月18日","118.38","114.86","119.19","114.59","10.61M","3.49%"
"2021年6月17日","114.39","110.60","114.99","110.52","2.54M","2.64%"
"2021年6月16日","111.45","108.60","112.10","108.60","2.77M","0.31%"
"2021年6月15日","111.11","113.92","114.00","110.73","1.97M","-3.76%"
"2021年6月14日","115.45","111.70","116.79","111.70","3.61M","3.63%"
"2021年6月11日","111.41","110.62","112.12","109.91","2.71M","-0.71%"
"2021年6月10日","112.21","107.31","112.50","106.60","3.52M","4.83%"
"2021年6月9日","107.04","108.90","110.90","107.04","1.92M","-0.66%"
"2021年6月8日","107.75","105.30","108.90","105.30","2.75M","2.98%"
"2021年6月7日","104.63","106.67","107.18","103.51","2.44M","-3.95%"
"2021年6月4日","108.93","106.78","109.25","105.63","2.45M","3.51%"
"2021年6月3日","105.24","109.08","109.11","105.11","3.50M","-5.98%"
"2021年6月2日","111.93","114.25","115.90","110.18","3.64M","-1.41%"
"2021年6月1日","113.53","111.04","114.99","110.42","5.11M","5.92%"
"2021年5月28日","107.18","102.94","108.25","102.49","3.64M","3.06%"
"2021年5月27日","104.00","104.26","104.57","99.98","8.59M","0.39%"
"2021年5月26日","103.60","104.33","104.91","102.68","5.07M","1.10%"
"2021年5月25日","102.47","104.58","104.74","101.59","4.08M","1.27%"
"2021年5月24日","101.18","102.63","103.75","100.94","5.13M","-1.22%"
"2021年5月21日","102.43","103.54","103.99","101.59","3.19M","-0.36%"
"2021年5月20日","102.80","104.50","107.02","101.61","5.08M","0.33%"
"2021年5月19日","102.46","97.33","102.92","97.33","2.87M","1.39%"
"2021年5月18日","101.06","99.75","104.40","99.67","3.79M","2.87%"
"2021年5月17日","98.24","96.34","99.89","95.01","4.56M","1.41%"
"2021年5月14日","96.87","91.00","98.00","89.34","7.45M","10.72%"
"2021年5月13日","87.49","96.99","99.50","84.44","9.33M","-6.83%"
"2021年5月12日","93.90","98.34","98.34","92.89","5.54M","-4.04%"
"2021年5月11日","97.85","92.11","98.26","91.00","3.81M","3.39%"
"2021年5月10日","94.64","98.45","98.99","93.42","6.19M","-6.91%"
"2021年5月7日","101.67","105.48","105.90","100.60","2.97M","-2.34%"
"2021年5月6日","104.11","105.15","106.47","101.11","3.16M","-0.91%"
"2021年5月5日","105.07","106.61","108.85","104.52","2.38M","-1.19%"
"2021年5月4日","106.34","106.77","108.58","103.77","4.03M","0.20%"
"2021年5月3日","106.13","110.13","110.25","105.42","3.76M","-4.27%"
"2021年4月30日","110.86","112.23","114.59","110.26","4.33M","-3.28%"
"2021年4月29日","114.62","120.38","120.64","112.79","4.08M","-4.99%"
"2021年4月28日","120.64","121.24","122.21","119.70","2.63M","0.40%"
"2021年4月27日","120.16","120.13","122.73","117.91","4.44M","1.44%"
"2021年4月26日","118.46","114.98","118.65","114.71","3.29M","1.54%"
"2021年4月23日","116.66","110.34","117.85","110.34","6.11M","7.87%"
"2021年4月22日","108.15","104.94","111.37","104.51","4.84M","3.83%"
"2021年4月21日","104.16","99.14","105.16","98.85","3.19M","3.50%"
"2021年4月20日","100.64","104.89","104.89","98.38","4.78M","-4.81%"
"2021年4月19日","105.72","104.02","107.88","103.72","3.28M","2.16%"
"2021年4月16日","103.48","103.65","103.99","102.12","2.58M","0.47%"
"2021年4月15日","103.00","103.76","104.10","101.44","2.70M","-0.04%"
"2021年4月14日","103.04","105.91","106.07","102.53","2.42M","-1.33%"
"2021年4月13日","104.43","104.01","105.29","101.62","2.40M","1.39%"
"2021年4月12日","103.00","103.13","104.00","101.30","2.71M","-2.65%"
"2021年4月9日","105.80","108.18","108.18","104.23","3.72M","-3.07%"
"2021年4月8日","109.15","110.11","110.86","108.15","2.63M","2.25%"
"2021年4月7日","106.75","109.72","110.44","106.20","7.21M","-6.48%"
"2021年4月6日","114.15","110.04","115.25","109.81","3.52M","3.38%"
"2021年4月5日","110.42","113.07","113.07","107.79","2.87M","-1.39%"
"2021年4月1日","111.98","113.09","117.88","110.85","5.50M","4.60%"
"2021年3月31日","107.06","107.52","108.37","104.20","4.57M","1.91%"
"2021年3月30日","105.05","101.99","107.21","100.20","5.81M","3.46%"
"2021年3月29日","101.54","99.33","104.01","98.10","15.29M","4.59%"
"2021年3月26日","97.08","95.49","101.74","91.26","9.64M","1.50%"
"2021年3月25日","95.65","90.86","96.86","90.00","6.91M","-0.05%"
"2021年3月24日","95.70","104.85","106.00","94.59","14.21M","-9.71%"
"2021年3月23日","105.99","105.65","107.26","105.00","5.33M","-0.83%"
"2021年3月22日","106.88","110.20","110.25","104.46","5.60M","-1.82%"
"2021年3月19日","108.86","108.95","111.20","107.12","3.87M","0.04%"
"2021年3月18日","108.82","110.50","113.33","108.42","3.62M","-2.27%"
"2021年3月17日","111.35","111.20","112.14","103.78","7.73M","-1.73%"
"2021年3月16日","113.31","116.24","119.74","111.85","7.71M","1.49%"
"2021年3月15日","111.65","107.99","112.66","107.90","3.43M","1.51%"
"2021年3月12日","109.99","106.03","110.86","105.75","4.19M","-0.41%"
"2021年3月11日","110.44","112.76","114.30","108.13","9.07M","7.12%"
"2021年3月10日","103.10","110.28","112.57","101.85","9.29M","-4.00%"
"2021年3月9日","107.40","106.85","110.61","105.37","11.67M","8.94%"
"2021年3月8日","98.59","111.09","114.00","97.45","16.41M","-17.04%"
"2021年3月5日","118.84","128.39","128.39","110.00","12.05M","-6.17%"
"2021年3月4日","126.66","132.99","136.00","122.00","11.33M","-8.73%"
"2021年3月3日","138.78","140.91","145.67","137.16","5.68M","0.61%"
"2021年3月2日","137.94","139.96","144.36","137.22","4.72M","-4.65%"
"2021年3月1日","144.67","132.99","145.25","130.59","8.03M","14.84%"
"2021年2月26日","125.97","132.04","136.09","121.09","9.15M","-4.45%"
"2021年2月25日","131.84","141.80","147.04","130.49","18.43M","3.70%"
"2021年2月24日","127.14","126.70","128.65","118.83","6.65M","-1.64%"
"2021年2月23日","129.26","125.15","129.83","115.00","9.04M","0.12%"
"2021年2月22日","129.11","135.00","139.92","128.22","7.58M","-10.09%"
"2021年2月19日","143.60","146.89","151.79","141.97","4.79M","0.09%"
"2021年2月18日","143.47","140.00","144.24","139.22","3.90M","-2.30%"
"2021年2月17日","146.84","149.35","153.44","143.82","4.58M","-1.34%"
"2021年2月16日","148.84","156.18","156.91","145.39","5.42M","-2.80%"
"2021年2月12日","153.12","144.98","155.04","144.70","2.66M","3.10%"
"2021年2月11日","148.52","156.28","157.61","148.47","4.83M","-5.02%"
"2021年2月10日","156.37","135.50","157.54","133.75","12.31M","11.60%"
"2021年2月9日","140.12","143.51","146.88","138.39","5.74M","-2.72%"
"2021年2月8日","144.04","141.00","146.21","140.50","4.50M","3.64%"
"2021年2月5日","138.98","143.30","144.04","134.22","6.69M","-2.52%"
"2021年2月4日","142.57","149.88","149.88","140.20","9.31M","5.46%"
"2021年2月3日","135.19","132.57","136.48","129.50","6.21M","4.01%"
"2021年2月2日","129.98","127.50","131.99","123.59","6.23M","6.86%"
"2021年2月1日","121.64","120.31","122.11","116.93","8.45M","6.80%"
"2021年1月29日","113.89","118.38","119.88","113.33","9.86M","-4.29%"
"2021年1月28日","119.00","119.91","124.74","117.01","8.16M","-1.19%"
"2021年1月27日","120.43","121.41","125.03","116.70","7.90M","-4.42%"
"2021年1月26日","126.00","132.95","133.00","125.13","5.58M","-6.16%"
"2021年1月25日","134.27","142.75","144.41","129.70","8.58M","0.39%"
"2021年1月22日","133.75","123.47","134.07","122.80","6.81M","7.97%"
"2021年1月21日","123.88","129.15","130.50","121.76","5.94M","-3.07%"
"2021年1月20日","127.80","134.30","137.35","127.33","6.13M","-0.06%"
"2021年1月19日","127.88","127.58","134.09","126.37","7.76M","4.28%"
"2021年1月15日","122.63","125.47","126.71","120.00","4.52M","-0.48%"
"2021年1月14日","123.22","121.56","129.14","121.56","8.00M","3.28%"
"2021年1月13日","119.31","115.00","120.90","113.30","3.61M","3.35%"
"2021年1月12日","115.44","117.70","119.77","113.70","3.34M","2.64%"
"2021年1月11日","112.47","114.01","116.83","111.57","7.73M","-5.06%"
"2021年1月8日","118.47","114.74","120.80","113.98","9.47M","6.35%"
"2021年1月7日","111.40","105.77","112.50","105.77","7.37M","5.49%"
"2021年1月6日","105.60","100.17","108.02","98.80","8.36M","3.06%"
"2021年1月5日","102.46","97.01","103.65","96.51","9.70M","8.15%"
"2021年1月4日","94.74","90.79","96.05","90.79","7.91M","10.52%"
"2020年12月31日","85.72","94.40","94.40","85.10","11.63M","-9.15%"
"2020年12月30日","94.35","87.14","95.69","86.78","9.78M","14.43%"
"2020年12月29日","82.45","82.41","84.49","81.13","3.00M","1.31%"
"2020年12月28日","81.38","82.31","83.72","78.96","3.43M","-0.77%"
"2020年12月24日","82.01","81.71","83.23","78.60","3.53M","-0.93%"
"2020年12月23日","82.78","87.03","87.03","81.10","4.37M","-3.61%"
"2020年12月22日","85.88","89.85","90.10","84.89","3.56M","-1.97%"
"2020年12月21日","87.61","83.80","88.80","83.80","7.35M","3.46%"
"2020年12月18日","84.68","84.19","86.60","83.15","6.04M","3.03%"
"2020年12月17日","82.19","79.01","82.80","78.65","3.78M","4.26%"
"2020年12月16日","78.83","78.20","81.64","78.20","3.70M","2.83%"
"2020年12月15日","76.66","80.42","80.42","76.00","3.90M","-1.97%"
"2020年12月14日","78.20","78.13","80.83","77.10","5.02M","3.02%"
"2020年12月11日","75.91","76.49","81.98","75.19","9.42M","0.26%"
"2020年12月10日","75.71","72.46","75.90","71.98","4.29M","3.63%"
"2020年12月9日","73.06","77.27","77.27","71.90","6.39M","-2.97%"
"2020年12月8日","75.30","72.99","75.89","72.75","4.01M","3.79%"
"2020年12月7日","72.55","68.48","73.95","68.42","8.28M","7.02%"
"2020年12月4日","67.79","62.95","68.28","62.95","5.66M","8.76%"
"2020年12月3日","62.33","61.90","64.56","61.90","2.89M","0.87%"
"2020年12月2日","61.79","59.07","62.19","58.57","2.87M","1.59%"
"2020年12月1日","60.82","63.50","63.67","60.34","3.57M","-3.25%"
"2020年11月30日","62.86","63.45","65.04","61.76","4.79M","-3.08%"
"2020年11月27日","64.86","63.01","65.49","62.30","2.87M","4.60%"
"2020年11月25日","62.01","60.72","62.47","60.40","3.25M","-1.32%"
"2020年11月24日","62.84","63.61","64.39","61.98","4.22M","-0.76%"
"2020年11月23日","63.32","60.83","63.33","60.35","6.68M","5.53%"
"2020年11月20日","60.00","59.35","61.75","57.78","9.66M","2.63%"
"2020年11月19日","58.46","49.91","59.33","49.61","24.29M","22.17%"
"2020年11月18日","47.85","49.72","49.84","47.19","7.24M","-4.40%"
"2020年11月17日","50.05","50.09","51.10","49.09","3.89M","0.00%"
"2020年11月16日","50.05","49.40","51.00","49.17","6.93M","2.35%"
"2020年11月13日","48.90","46.35","49.06","46.22","6.03M","6.54%"
"2020年11月12日","45.90","45.59","46.50","43.96","5.04M","3.85%"
"2020年11月11日","44.20","44.23","45.65","43.66","5.30M","1.14%"
"2020年11月10日","43.70","45.48","45.48","42.75","8.13M","-5.08%"
"2020年11月9日","46.04","49.78","49.78","46.02","5.78M","-5.79%"
"2020年11月6日","48.87","46.05","48.94","45.10","7.05M","6.10%"
"2020年11月5日","46.06","49.05","49.10","44.65","8.59M","-4.36%"
"2020年11月4日","48.16","45.58","48.28","45.58","6.74M","7.93%"
"2020年11月3日","44.62","43.97","45.13","42.92","1.98M","0.36%"
"2020年11月2日","44.46","45.15","45.31","43.21","2.47M","-0.47%"
"2020年10月30日","44.67","45.40","46.69","44.32","2.88M","-3.75%"
"2020年10月29日","46.41","45.03","47.37","44.85","3.52M","4.60%"
"2020年10月28日","44.37","45.23","45.35","43.61","4.18M","-3.16%"
"2020年10月27日","45.82","45.02","45.97","44.79","2.79M","1.82%"
"2020年10月26日","45.00","43.78","45.00","43.78","2.78M","1.26%"
"2020年10月23日","44.44","45.40","45.47","43.93","4.76M","-1.90%"
"2020年10月22日","45.30","45.71","45.94","44.11","3.56M","0.31%"
"2020年10月21日","45.16","45.45","45.93","44.65","3.50M","-0.18%"
"2020年10月20日","45.24","44.25","45.48","44.11","3.08M","2.82%"
"2020年10月19日","44.00","44.00","45.14","43.79","3.95M","0.41%"
"2020年10月16日","43.82","44.69","44.69","43.33","3.45M","0.14%"
"2020年10月15日","43.76","43.35","44.07","43.07","3.62M","0.16%"
"2020年10月14日","43.69","46.71","46.73","43.61","8.15M","-8.33%"
"2020年10月13日","47.66","47.89","48.86","46.84","2.06M","-0.46%"
"2020年10月12日","47.88","49.30","49.56","47.47","3.17M","-1.12%"
"2020年10月9日","48.42","47.26","48.56","46.84","2.13M","3.91%"
"2020年10月8日","46.60","48.35","48.35","46.01","2.57M","-2.24%"
"2020年10月7日","47.67","48.10","48.70","47.50","3.13M","-1.04%"
"2020年10月6日","48.17","46.25","48.44","45.82","8.17M","6.81%"
"2020年10月5日","45.10","42.50","45.55","42.40","7.04M","7.89%"
"2020年10月2日","41.80","41.20","42.25","41.10","1.94M","-1.67%"
"2020年10月1日","42.51","42.35","43.01","41.71","3.06M","2.19%"
"2020年9月30日","41.60","40.76","42.35","40.61","2.88M","2.31%"
"2020年9月29日","40.66","41.88","41.88","40.41","2.85M","-2.75%"
"2020年9月28日","41.81","42.81","43.01","40.90","2.82M","-0.92%"
"2020年9月25日","42.20","41.66","42.45","41.22","2.58M","0.74%"
"2020年9月24日","41.89","41.25","42.26","40.41","3.31M","0.10%"
"2020年9月23日","41.85","43.05","43.15","41.23","2.66M","-3.37%"
"2020年9月22日","43.31","43.46","43.53","42.41","2.94M","0.51%"
"2020年9月21日","43.09","41.71","43.12","41.45","3.25M","0.02%"
"2020年9月18日","43.08","44.47","44.55","41.64","5.18M","-2.58%"
"2020年9月17日","44.22","42.85","44.23","42.55","3.49M","0.16%"
"2020年9月16日","44.15","45.54","45.62","43.74","3.19M","-2.73%"
"2020年9月15日","45.39","45.02","46.38","44.91","5.05M","3.28%"
"2020年9月14日","43.95","43.81","44.63","43.22","3.48M","2.16%"
"2020年9月11日","43.02","43.77","44.44","42.38","2.85M","0.12%"
"2020年9月10日","42.97","45.02","45.59","42.71","4.39M","-4.72%"
"2020年9月9日","45.10","45.00","45.53","44.11","2.91M","1.60%"
"2020年9月8日","44.39","44.65","45.57","43.02","6.34M","-5.59%"
"2020年9月4日","47.02","46.97","48.00","43.94","6.28M","-0.53%"
"2020年9月3日","47.27","48.80","49.21","46.54","5.70M","-7.10%"
"2020年9月2日","50.88","53.04","53.95","49.62","5.51M","-2.62%"
"2020年9月1日","52.25","48.22","52.62","47.91","10.17M","10.58%"
"2020年8月31日","47.25","47.26","49.83","46.77","7.71M","-0.30%"
"2020年8月28日","47.39","45.71","48.86","45.51","7.70M","4.98%"
"2020年8月27日","45.14","46.00","46.16","43.83","12.62M","-7.35%"
"2020年8月26日","48.72","47.37","49.98","47.37","7.25M","3.66%"
"2020年8月25日","47.00","45.87","47.28","45.16","5.18M","1.91%"
"2020年8月24日","46.12","46.34","48.33","45.64","5.65M","2.51%"
"2020年8月21日","44.99","44.57","45.62","44.55","2.83M","-0.18%"
"2020年8月20日","45.07","44.90","45.67","44.78","2.20M","-0.44%"
"2020年8月19日","45.27","44.99","45.79","44.38","3.07M","-0.09%"
"2020年8月18日","45.31","43.86","45.44","43.86","4.73M","4.18%"
"2020年8月17日","43.49","42.28","43.55","42.01","2.87M","4.59%"
"2020年8月14日","41.58","41.94","42.42","40.90","2.89M","-0.41%"
"2020年8月13日","41.75","41.52","42.19","41.14","3.81M","1.98%"
"2020年8月12日","40.94","40.58","41.39","40.30","2.64M","1.49%"
"2020年8月11日","40.34","41.31","41.31","40.17","3.67M","-1.61%"
"2020年8月10日","41.00","42.00","42.00","40.26","5.30M","-1.47%"
"2020年8月7日","41.61","42.71","43.20","40.77","7.23M","-6.37%"
"2020年8月6日","44.44","46.19","46.30","43.45","4.35M","-2.37%"
"2020年8月5日","45.52","45.96","46.19","44.95","3.72M","0.73%"
"2020年8月4日","45.19","45.98","46.56","44.58","4.52M","-1.82%"
"2020年8月3日","46.03","44.87","47.61","44.42","8.23M","5.62%"
"2020年7月31日","43.58","41.80","43.65","41.45","5.78M","5.52%"
"2020年7月30日","41.30","41.54","42.09","40.80","1.98M","-1.13%"
"2020年7月29日","41.77","41.35","42.31","41.10","3.12M","2.23%"
"2020年7月28日","40.86","41.81","42.55","40.78","2.82M","-1.11%"
"2020年7月27日","41.32","40.09","41.40","39.74","3.40M","3.04%"
"2020年7月24日","40.10","39.01","40.32","38.54","5.85M","-2.20%"
"2020年7月23日","41.00","43.22","43.46","40.62","6.64M","-3.10%"
"2020年7月22日","42.31","43.26","44.99","41.78","4.86M","-4.19%"
"2020年7月21日","44.16","43.80","45.33","43.72","7.57M","4.20%"
"2020年7月20日","42.38","42.15","42.58","40.81","5.15M","1.15%"
"2020年7月17日","41.90","42.25","42.58","41.53","3.44M","-1.50%"
"2020年7月16日","42.54","40.44","42.78","40.40","9.05M","-1.57%"
"2020年7月15日","43.22","44.56","44.62","42.68","4.29M","-1.73%"
"2020年7月14日","43.98","43.78","44.12","41.31","10.00M","-2.94%"
"2020年7月13日","45.31","48.29","49.35","45.00","6.85M","-4.71%"
"2020年7月10日","47.55","47.91","48.19","46.13","4.51M","-1.41%"
"2020年7月9日","48.23","49.29","49.50","46.71","7.37M","3.34%"
"2020年7月8日","46.67","47.77","48.34","45.12","7.15M","0.95%"
"2020年7月7日","46.23","45.09","46.56","43.50","9.30M","4.73%"
"2020年7月6日","44.14","51.05","51.12","43.41","22.25M","-8.39%"
"2020年7月2日","48.18","48.42","49.19","47.81","4.36M","2.18%"
"2020年7月1日","47.15","46.77","47.44","46.03","3.58M","1.79%"
"2020年6月30日","46.32","45.30","47.92","45.30","5.95M","1.80%"
"2020年6月29日","45.50","44.25","46.17","43.60","5.39M","2.20%"
"2020年6月26日","44.52","44.86","45.44","43.64","3.75M","-0.11%"
"2020年6月25日","44.57","43.53","44.61","43.49","2.62M","1.23%"
"2020年6月24日","44.03","44.76","44.89","42.57","5.07M","-1.37%"
"2020年6月23日","44.64","43.39","45.30","43.38","5.02M","4.08%"
"2020年6月22日","42.89","45.00","45.00","41.64","8.23M","-4.09%"
"2020年6月19日","44.72","44.19","45.95","43.65","15.15M","4.95%"
"2020年6月18日","42.61","41.79","42.78","40.70","7.09M","3.65%"
"2020年6月17日","41.11","39.34","41.99","39.09","6.37M","4.50%"
"2020年6月16日","39.34","39.67","39.95","38.33","6.40M","2.96%"
"2020年6月15日","38.21","35.06","38.53","35.02","7.57M","6.52%"
"2020年6月12日","35.87","34.98","36.01","34.29","5.59M","5.81%"
"2020年6月11日","33.90","34.11","35.13","33.59","4.04M","-4.45%"
"2020年6月10日","35.48","34.08","35.78","33.95","4.69M","4.75%"
"2020年6月9日","33.87","34.80","34.99","33.79","3.62M","-3.12%"
"2020年6月8日","34.96","34.70","35.68","34.40","5.14M","1.33%"
"2020年6月5日","34.50","33.90","34.54","33.11","5.92M","2.80%"
"2020年6月4日","33.56","33.99","34.48","33.29","4.18M","-1.73%"
"2020年6月3日","34.15","34.40","34.40","33.32","4.70M","-0.12%"
"2020年6月2日","34.19","33.43","34.20","32.44","5.90M","3.42%"
"2020年6月1日","33.06","32.35","33.32","32.35","4.42M","1.94%"
"2020年5月29日","32.43","30.86","32.77","30.44","19.16M","5.50%"
"2020年5月28日","30.74","31.34","33.00","30.55","8.35M","-4.83%"
"2020年5月27日","32.30","34.07","34.07","30.92","6.22M","-2.51%"
"2020年5月26日","33.13","34.00","34.68","33.06","3.56M","0.27%"
"2020年5月22日","33.04","32.40","33.39","31.55","5.39M","-2.62%"
"2020年5月21日","33.93","32.03","34.01","31.88","7.56M","3.76%"
"2020年5月20日","32.70","35.86","36.38","32.23","11.20M","-7.16%"
"2020年5月19日","35.22","33.06","36.22","31.40","15.12M","4.63%"
"2020年5月18日","33.66","32.00","34.10","31.89","9.34M","9.00%"
"2020年5月15日","30.88","30.38","31.60","30.36","5.02M","-0.48%"
"2020年5月14日","31.03","30.25","31.11","28.70","5.34M","1.14%"
"2020年5月13日","30.68","29.94","31.11","29.82","6.84M","4.92%"
"2020年5月12日","29.24","28.88","30.13","28.63","3.65M","1.95%"
"2020年5月11日","28.68","28.76","29.19","28.08","3.60M","-1.10%"
"2020年5月8日","29.00","28.82","29.84","28.62","3.28M","1.22%"
"2020年5月7日","28.65","28.50","28.76","27.89","3.88M","2.39%"
"2020年5月6日","27.98","28.03","28.57","27.91","2.82M","1.71%"
"2020年5月5日","27.51","27.28","28.01","27.26","3.63M","3.69%"
"2020年5月4日","26.53","26.36","27.10","26.05","5.05M","5.53%"
"2020年5月1日","25.14","26.58","26.85","25.00","7.35M","-8.21%"
"2020年4月30日","27.39","27.54","28.31","27.09","3.37M","-1.33%"
"2020年4月29日","27.76","27.55","27.96","27.21","2.75M","2.97%"
"2020年4月28日","26.96","28.08","28.10","26.61","4.21M","-2.71%"
"2020年4月27日","27.71","28.33","28.34","27.59","5.37M","-0.11%"
"2020年4月24日","27.74","27.99","27.99","27.32","6.47M","-0.96%"
"2020年4月23日","28.01","29.96","30.01","27.50","9.42M","-7.25%"
"2020年4月22日","30.20","29.23","30.50","29.20","3.68M","5.71%"
"2020年4月21日","28.57","29.22","29.94","27.92","4.71M","-3.74%"
"2020年4月20日","29.68","28.69","30.30","28.44","4.05M","2.34%"
"2020年4月17日","29.00","29.30","29.70","28.37","4.89M","0.76%"
"2020年4月16日","28.78","28.38","29.42","28.05","4.29M","2.42%"
"2020年4月15日","28.10","27.00","28.45","26.82","3.11M","2.26%"
"2020年4月14日","27.48","27.00","27.87","26.79","6.75M","4.85%"
"2020年4月13日","26.21","27.03","27.12","25.81","5.07M","-2.31%"
"2020年4月9日","26.83","27.85","29.74","26.30","10.33M","2.40%"
"2020年4月8日","26.20","25.84","26.50","24.40","5.53M","-1.09%"
"2020年4月7日","26.49","26.11","26.90","25.54","5.86M","3.64%"
"2020年4月6日","25.56","24.91","25.58","24.72","3.81M","6.01%"
"2020年4月3日","24.11","24.31","24.70","23.61","3.33M","-1.27%"
"2020年4月2日","24.42","23.98","24.58","23.24","4.88M","1.50%"
"2020年4月1日","24.06","23.11","24.85","23.11","3.79M","2.73%"
"2020年3月31日","23.42","22.91","24.75","22.51","5.23M","2.00%"
"2020年3月30日","22.96","22.40","23.25","22.15","4.00M","3.84%"
"2020年3月27日","22.11","22.13","22.75","22.05","3.32M","-4.04%"
"2020年3月26日","23.04","23.23","23.82","22.69","3.57M","0.74%"
"2020年3月25日","22.87","22.60","23.97","22.50","6.30M","3.02%"
"2020年3月24日","22.20","21.33","22.81","21.20","7.56M","9.58%"
"2020年3月23日","20.26","20.00","20.56","19.45","5.39M","0.35%"
"2020年3月20日","20.19","21.80","21.93","20.00","5.96M","-3.12%"
"2020年3月19日","20.84","21.28","21.95","20.00","7.02M","-0.81%"
"2020年3月18日","21.01","21.59","23.89","19.25","13.86M","-13.72%"
"2020年3月17日","24.35","23.05","24.76","21.30","7.20M","9.88%"
"2020年3月16日","22.16","21.11","23.16","20.00","4.82M","-5.18%"
"2020年3月13日","23.37","25.00","25.40","22.23","6.56M","-1.81%"
"2020年3月12日","23.80","23.98","24.25","22.84","8.11M","-7.28%"
"2020年3月11日","25.67","25.45","26.71","25.16","4.81M","-1.27%"
"2020年3月10日","26.00","26.21","26.60","25.11","4.03M","3.50%"
"2020年3月9日","25.12","24.76","25.98","23.70","6.25M","-5.85%"
"2020年3月6日","26.68","27.25","27.87","25.93","6.60M","-5.09%"
"2020年3月5日","28.11","27.11","28.27","27.07","5.84M","2.03%"
"2020年3月4日","27.55","26.77","27.57","26.72","4.34M","4.99%"
"2020年3月3日","26.24","27.42","27.57","25.85","5.50M","-3.64%"
"2020年3月2日","27.23","26.48","27.25","25.86","6.44M","6.04%"
"2020年2月28日","25.68","25.50","26.15","24.56","8.62M","-3.57%"
"2020年2月27日","26.63","27.00","27.29","25.75","5.99M","-3.41%"
"2020年2月26日","27.57","27.60","29.28","27.07","11.28M","3.18%"
"2020年2月25日","26.72","27.60","27.98","26.58","8.95M","-0.74%"
"2020年2月24日","26.92","25.70","27.14","25.28","6.72M","0.15%"
"2020年2月21日","26.88","27.99","27.99","26.72","5.90M","-3.79%"
"2020年2月20日","27.94","27.98","28.41","27.00","4.96M","0.79%"
"2020年2月19日","27.72","27.37","27.95","27.37","3.68M","2.17%"
"2020年2月18日","27.13","29.00","29.00","26.65","11.45M","-5.44%"
"2020年2月14日","28.69","28.28","28.95","27.83","5.15M","3.35%"
"2020年2月13日","27.76","27.44","28.54","27.36","6.37M","0.84%"
"2020年2月12日","27.53","27.55","28.16","27.06","7.96M","3.69%"
"2020年2月11日","26.55","25.76","27.55","25.76","9.34M","4.28%"
"2020年2月10日","25.46","25.89","26.17","24.83","8.48M","1.88%"
"2020年2月7日","24.99","26.02","26.22","24.52","7.71M","-5.13%"
"2020年2月6日","26.34","23.66","26.72","23.16","11.64M","13.24%"
"2020年2月5日","23.26","24.10","24.17","22.76","5.37M","-1.36%"
"2020年2月4日","23.58","23.78","23.98","23.26","4.12M","2.34%"
"2020年2月3日","23.04","21.55","23.30","21.51","6.81M","6.91%"
"2020年1月31日","21.55","21.28","21.70","21.13","4.06M","1.36%"
"2020年1月30日","21.26","22.08","22.24","20.78","4.48M","-5.00%"
"2020年1月29日","22.38","22.59","22.61","22.04","2.13M","-0.13%"
"2020年1月28日","22.41","22.61","22.78","21.99","3.14M","0.49%"
"2020年1月27日","22.30","20.85","22.47","20.61","4.49M","2.20%"
"2020年1月24日","21.82","22.87","23.08","21.59","4.05M","-3.07%"
"2020年1月23日","22.51","22.00","22.66","21.75","3.87M","-0.09%"
"2020年1月22日","22.53","22.80","23.06","22.52","4.42M","-0.35%"
"2020年1月21日","22.61","22.51","23.25","22.14","6.81M","-0.83%"
"2020年1月17日","22.80","23.11","23.16","22.41","6.59M","-0.74%"
"2020年1月16日","22.97","23.58","23.60","22.76","3.05M","-0.26%"
"2020年1月15日","23.03","22.93","23.27","22.76","4.05M","0.70%"
"2020年1月14日","22.87","22.00","23.02","21.98","5.57M","4.00%"
"2020年1月13日","21.99","22.35","22.83","21.85","7.12M","2.04%"
"2020年1月10日","21.55","22.57","22.59","20.83","11.03M","-6.95%"
"2020年1月9日","23.16","24.29","24.47","22.87","8.43M","-2.85%"
"2020年1月8日","23.84","22.92","23.91","22.19","7.89M","3.07%"
"2020年1月7日","23.13","23.17","23.20","22.42","7.43M","-0.34%"
"2020年1月6日","23.21","21.46","23.45","21.41","10.70M","5.12%"
"2020年1月3日","22.08","20.55","22.59","20.53","11.53M","5.39%"
"2020年1月2日","20.95","19.47","21.89","19.30","12.67M","12.51%"
"2019年12月31日","18.62","18.55","19.17","18.48","2.98M","0.92%"
"2019年12月30日","18.45","18.20","18.59","18.13","3.09M","1.15%"
"2019年12月27日","18.24","18.31","18.40","18.10","1.75M","-0.55%"
"2019年12月26日","18.34","18.45","18.47","18.24","1.38M","-0.54%"
"2019年12月24日","18.44","18.44","18.57","18.34","982.90K","0.11%"
"2019年12月23日","18.42","18.00","18.50","17.96","1.86M","2.68%"
"2019年12月20日","17.94","18.09","18.50","17.91","2.00M","-0.55%"
"2019年12月19日","18.04","17.79","18.09","17.61","2.27M","1.98%"
"2019年12月18日","17.69","17.86","17.86","17.47","2.69M","-0.90%"
"2019年12月17日","17.85","18.06","18.06","17.63","3.07M","-0.61%"
"2019年12月16日","17.96","18.05","18.08","17.78","1.98M","0.34%"
"2019年12月13日","17.90","17.75","18.04","17.67","3.54M","0.90%"
"2019年12月12日","17.74","17.48","17.83","17.40","1.75M","1.14%"
"2019年12月11日","17.54","17.10","17.61","16.99","1.55M","3.42%"
"2019年12月10日","16.96","17.11","17.19","16.90","2.08M","-0.18%"
"2019年12月9日","16.99","17.08","17.39","16.93","2.95M","-1.05%"
"2019年12月6日","17.17","17.06","17.24","17.02","1.69M","1.30%"
"2019年12月5日","16.95","16.54","17.20","16.45","2.86M","3.23%"
"2019年12月4日","16.42","16.80","16.89","16.35","1.81M","-1.56%"
"2019年12月3日","16.68","16.90","17.10","16.47","3.12M","-4.19%"
"2019年12月2日","17.41","17.20","17.50","17.05","3.10M","0.75%"
"2019年11月29日","17.28","16.85","17.30","16.44","1.32M","1.65%"
"2019年11月27日","17.00","16.89","17.30","16.81","2.37M","1.19%"
"2019年11月26日","16.80","16.84","16.99","16.62","1.14M","-0.06%"
"2019年11月25日","16.81","16.50","16.94","16.36","2.03M","1.33%"
"2019年11月22日","16.59","16.93","16.98","16.56","2.82M","-1.95%"
"2019年11月21日","16.92","16.34","17.09","16.30","3.83M","3.87%"
"2019年11月20日","16.29","15.50","16.63","15.42","4.35M","3.56%"
"2019年11月19日","15.73","16.60","16.65","15.18","9.08M","-3.97%"
"2019年11月18日","16.38","17.01","17.01","16.27","4.00M","-1.97%"
"2019年11月15日","16.71","16.41","16.72","16.26","2.57M","2.33%"
"2019年11月14日","16.33","16.80","16.81","16.20","1.66M","-2.62%"
"2019年11月13日","16.77","16.58","17.00","16.58","1.93M","0.54%"
"2019年11月12日","16.68","16.79","16.88","16.48","3.22M","-0.54%"
"2019年11月11日","16.77","16.35","16.89","16.30","2.02M","1.15%"
"2019年11月8日","16.58","16.91","16.93","16.41","2.98M","-2.18%"
"2019年11月7日","16.95","16.61","16.96","16.60","3.43M","3.10%"
"2019年11月6日","16.44","16.42","16.50","16.29","1.44M","0.12%"
"2019年11月5日","16.42","16.78","16.78","16.38","1.97M","-2.15%"
"2019年11月4日","16.78","16.72","16.78","16.30","3.66M","1.94%"
"2019年11月1日","16.46","15.98","16.50","15.90","4.87M","4.24%"
"2019年10月31日","15.79","15.69","15.87","15.63","2.23M","0.51%"
"2019年10月30日","15.71","15.51","15.75","15.43","2.55M","0.90%"
"2019年10月29日","15.57","15.60","15.70","15.43","1.47M","-0.95%"
"2019年10月28日","15.72","15.56","15.91","15.50","2.35M","1.29%"
"2019年10月25日","15.52","15.10","15.61","15.10","1.75M","1.70%"
"2019年10月24日","15.26","14.50","15.51","14.50","4.09M","5.83%"
"2019年10月23日","14.42","14.55","14.70","14.34","1.15M","-0.96%"
"2019年10月22日","14.56","14.86","14.90","14.56","703.21K","-2.02%"
"2019年10月21日","14.86","14.50","14.89","14.47","1.40M","3.12%"
"2019年10月18日","14.41","14.30","14.55","14.25","1.34M","0.42%"
"2019年10月17日","14.35","14.63","14.69","14.30","2.95M","-1.44%"
"2019年10月16日","14.56","14.45","14.56","14.10","1.36M","0.34%"
"2019年10月15日","14.51","14.44","14.63","14.36","940.39K","1.11%"
"2019年10月14日","14.35","14.26","14.43","14.15","993.13K","-0.14%"
"2019年10月11日","14.37","14.56","14.80","14.32","2.76M","2.57%"
"2019年10月10日","14.01","13.81","14.08","13.79","1.45M","1.60%"
"2019年10月9日","13.79","13.78","13.82","13.53","1.37M","2.60%"
"2019年10月8日","13.44","13.57","13.60","13.23","2.65M","-1.47%"
"2019年10月7日","13.64","13.88","13.95","13.57","2.39M","-2.01%"
"2019年10月4日","13.92","14.17","14.25","13.85","1.35M","-2.11%"
"2019年10月3日","14.22","13.85","14.23","13.64","1.58M","3.04%"
"2019年10月2日","13.80","13.69","13.93","13.61","1.92M","0.00%"
"2019年10月1日","13.80","14.14","14.20","13.74","2.10M","-2.27%"
"2019年9月30日","14.12","14.47","14.55","14.07","1.44M","-1.47%"
"2019年9月27日","14.33","15.05","15.29","14.05","3.48M","-4.59%"
"2019年9月26日","15.02","14.94","15.13","14.81","1.82M","0.87%"
"2019年9月25日","14.89","14.52","14.95","14.41","2.74M","1.99%"
"2019年9月24日","14.60","15.10","15.19","14.45","3.47M","-3.31%"
"2019年9月23日","15.10","15.24","15.33","14.97","1.56M","-1.05%"
"2019年9月20日","15.26","15.09","15.48","15.03","2.82M","1.06%"
"2019年9月19日","15.10","15.24","15.43","15.10","1.79M","-0.72%"
"2019年9月18日","15.21","15.24","15.35","14.96","1.91M","-0.20%"
"2019年9月17日","15.24","14.91","15.30","14.83","1.72M","1.60%"
"2019年9月16日","15.00","14.90","15.20","14.87","2.29M","-0.40%"
"2019年9月13日","15.06","15.20","15.28","14.94","1.69M","-0.53%"
"2019年9月12日","15.14","15.30","15.36","14.91","3.55M","-0.46%"
"2019年9月11日","15.21","14.98","15.28","14.80","4.43M","2.29%"
"2019年9月10日","14.87","14.27","14.90","14.16","3.98M","3.70%"
"2019年9月9日","14.34","14.48","14.52","14.24","1.60M","-0.83%"
"2019年9月6日","14.46","14.70","14.89","14.36","3.31M","-0.89%"
"2019年9月5日","14.59","14.00","14.65","14.00","7.93M","5.95%"
"2019年9月4日","13.77","14.32","14.32","13.70","4.56M","-2.75%"
"2019年9月3日","14.16","13.81","14.44","13.81","2.76M","0.78%"
"2019年8月30日","14.05","13.75","14.25","13.75","2.27M","2.55%"
"2019年8月29日","13.70","13.75","14.02","13.58","2.74M","1.26%"
"2019年8月28日","13.53","13.81","13.86","13.36","4.26M","-2.80%"
"2019年8月27日","13.92","14.31","14.90","13.85","6.02M","-4.00%"
"2019年8月26日","14.50","15.12","15.15","14.00","7.95M","-1.36%"
"2019年8月23日","14.70","14.58","15.34","14.58","4.22M","0.00%"
"2019年8月22日","14.70","14.56","14.74","14.35","2.95M","2.01%"
"2019年8月21日","14.41","14.50","14.54","14.32","1.43M","0.70%"
"2019年8月20日","14.31","14.42","14.58","14.21","1.70M","-1.31%"
"2019年8月19日","14.50","14.85","15.01","14.40","3.14M","-0.14%"
"2019年8月16日","14.52","14.29","14.78","14.28","2.51M","3.64%"
"2019年8月15日","14.01","13.92","14.13","13.90","1.03M","1.45%"
"2019年8月14日","13.81","13.70","13.96","13.55","2.01M","-1.43%"
"2019年8月13日","14.01","13.88","14.07","13.73","4.26M","1.23%"
"2019年8月12日","13.84","13.75","14.01","13.70","1.69M","-0.50%"
"2019年8月9日","13.91","14.09","14.11","13.86","2.12M","-1.97%"
"2019年8月8日","14.19","14.19","14.36","13.94","2.48M","1.07%"
"2019年8月7日","14.04","14.16","14.39","13.67","4.30M","0.65%"
"2019年8月6日","13.95","14.26","14.54","13.88","4.84M","1.01%"
"2019年8月5日","13.81","14.20","14.29","13.61","7.19M","-6.18%"
"2019年8月2日","14.72","14.70","14.79","14.21","2.14M","-0.20%"
"2019年8月1日","14.75","15.25","15.49","14.60","2.56M","-2.64%"
"2019年7月31日","15.15","15.50","15.50","14.90","3.21M","-2.19%"
"2019年7月30日","15.49","15.90","16.03","15.37","2.58M","-3.97%"
"2019年7月29日","16.13","16.00","16.15","15.77","1.54M","1.07%"
"2019年7月26日","15.96","15.76","16.20","15.75","1.75M","1.66%"
"2019年7月25日","15.70","15.87","15.99","15.50","2.06M","-0.63%"
"2019年7月24日","15.80","15.84","15.95","15.72","1.91M","0.57%"
"2019年7月23日","15.71","15.78","16.18","15.70","4.33M","0.96%"
"2019年7月22日","15.56","15.78","16.24","15.41","2.59M","0.13%"
"2019年7月19日","15.54","15.66","15.80","15.43","2.03M","0.06%"
"2019年7月18日","15.53","15.50","15.62","15.06","2.00M","-0.32%"
"2019年7月17日","15.58","16.10","16.10","15.36","2.82M","-3.05%"
"2019年7月16日","16.07","16.50","16.55","16.05","1.33M","-2.31%"
"2019年7月15日","16.45","16.58","16.66","16.41","1.49M","0.30%"
"2019年7月12日","16.40","16.60","16.75","16.32","1.40M","-0.43%"
"2019年7月11日","16.47","16.65","16.70","16.33","1.15M","-0.72%"
"2019年7月10日","16.59","16.70","16.83","16.48","2.01M","-0.06%"
"2019年7月9日","16.60","16.30","16.66","16.18","1.39M","0.24%"
"2019年7月8日","16.56","16.50","16.61","16.40","1.08M","-1.08%"
"2019年7月5日","16.74","16.52","16.80","16.40","956.43K","0.66%"
"2019年7月3日","16.63","16.60","16.66","16.30","1.19M","0.12%"
"2019年7月2日","16.61","16.42","16.70","16.25","2.95M","0.79%"
"2019年7月1日","16.48","16.55","16.82","16.26","4.60M","1.29%"
"2019年6月28日","16.27","15.89","16.28","15.82","1.85M","1.06%"
"2019年6月27日","16.10","16.07","16.25","15.94","2.74M","0.81%"
"2019年6月26日","15.97","15.90","16.23","15.90","1.91M","2.11%"
"2019年6月25日","15.64","15.88","16.14","15.47","2.84M","-2.68%"
"2019年6月24日","16.07","15.44","16.24","15.28","3.68M","4.08%"
"2019年6月21日","15.44","15.34","15.57","15.10","2.68M","-0.90%"
"2019年6月20日","15.58","15.57","15.93","15.48","3.13M","2.57%"
"2019年6月19日","15.19","15.23","15.34","14.95","955.03K","0.20%"
"2019年6月18日","15.16","14.59","15.50","14.50","4.47M","5.57%"
"2019年6月17日","14.36","14.20","14.58","14.19","1.46M","0.63%"
"2019年6月14日","14.27","14.33","14.45","14.01","2.58M","-1.45%"
"2019年6月13日","14.48","14.62","14.80","14.25","3.09M","-1.43%"
"2019年6月12日","14.69","14.56","14.78","14.41","1.47M","-1.54%"
"2019年6月11日","14.92","15.51","15.63","14.54","5.31M","-0.93%"
"2019年6月10日","15.06","14.91","15.31","14.88","3.58M","1.76%"
"2019年6月7日","14.80","14.15","15.10","14.10","5.00M","4.45%"
"2019年6月6日","14.17","13.90","14.34","13.73","2.65M","1.29%"
"2019年6月5日","13.99","14.42","14.45","13.48","6.16M","-0.85%"
"2019年6月4日","14.11","13.45","14.28","13.27","5.36M","4.67%"
"2019年6月3日","13.48","13.51","13.79","13.23","5.50M","-0.15%"
"2019年5月31日","13.50","13.63","13.72","13.30","2.89M","-2.81%"
"2019年5月30日","13.89","13.93","14.05","13.82","1.53M","0.80%"
"2019年5月29日","13.78","13.88","14.02","13.65","3.34M","-1.64%"
"2019年5月28日","14.01","14.37","14.63","13.98","3.62M","-0.28%"
"2019年5月24日","14.05","14.49","14.57","13.99","2.45M","-1.89%"
"2019年5月23日","14.32","14.20","14.47","13.83","4.85M","-2.52%"
"2019年5月22日","14.69","14.73","14.99","14.45","2.48M","-0.54%"
"2019年5月21日","14.77","14.87","15.04","14.64","5.22M","1.30%"
"2019年5月20日","14.58","15.00","15.10","14.43","4.53M","-5.02%"
"2019年5月17日","15.35","15.53","15.70","15.25","4.08M","-2.91%"
"2019年5月16日","15.81","15.63","15.96","15.50","3.53M","1.80%"
"2019年5月15日","15.53","15.46","15.69","15.19","4.80M","0.91%"
"2019年5月14日","15.39","16.69","16.70","14.82","16.74M","-5.06%"
"2019年5月13日","16.21","16.51","16.65","16.03","4.67M","-5.20%"
"2019年5月10日","17.10","17.17","17.50","16.58","3.93M","-0.23%"
"2019年5月9日","17.14","16.71","17.17","16.19","6.10M","0.00%"
"2019年5月8日","17.14","17.08","17.39","16.80","3.63M","0.29%"
"2019年5月7日","17.09","17.27","17.60","16.97","3.04M","-1.78%"
"2019年5月6日","17.40","17.35","17.57","17.03","4.83M","-4.34%"
"2019年5月3日","18.19","17.90","18.31","17.75","3.25M","2.65%"
"2019年5月2日","17.72","17.80","18.15","17.52","2.46M","-0.62%"
"2019年5月1日","17.83","17.90","18.08","17.80","2.54M","0.17%"
"2019年4月30日","17.80","17.56","17.90","17.45","3.62M","0.68%"
"2019年4月29日","17.68","17.72","17.85","17.41","2.64M","-0.56%"
"2019年4月26日","17.78","17.47","17.81","17.28","2.25M","1.66%"
"2019年4月25日","17.49","17.54","17.65","17.03","2.99M","-1.58%"
"2019年4月24日","17.77","17.66","17.89","17.19","2.29M","0.23%"
"2019年4月23日","17.73","17.62","17.99","17.61","4.25M","0.06%"
"2019年4月22日","17.72","17.00","17.75","17.00","2.79M","1.55%"
"2019年4月18日","17.45","17.00","17.54","16.96","3.43M","3.07%"
"2019年4月17日","16.93","17.26","17.30","16.71","5.30M","-0.99%"
"2019年4月16日","17.10","17.49","17.55","17.00","4.52M","-0.47%"
"2019年4月15日","17.18","18.08","18.15","16.88","8.86M","-6.22%"
"2019年4月12日","18.32","17.82","18.52","17.68","7.31M","4.87%"
"2019年4月11日","17.47","17.50","17.77","17.38","3.65M","-0.91%"
"2019年4月10日","17.63","17.99","17.99","17.42","2.90M","-1.18%"
"2019年4月9日","17.84","17.92","17.96","17.77","2.44M","-0.39%"
"2019年4月8日","17.91","17.94","18.14","17.69","5.20M","-0.61%"
"2019年4月5日","18.02","17.39","18.25","17.24","7.91M","4.59%"
"2019年4月4日","17.23","18.03","18.19","16.92","11.66M","-4.70%"
"2019年4月3日","18.08","18.27","18.60","17.98","21.66M","0.17%"
"2019年4月2日","18.05","18.39","18.59","17.99","9.10M","-3.99%"
"2019年4月1日","18.80","19.24","19.30","18.16","5.94M","-0.79%"
"2019年3月29日","18.95","18.41","18.97","17.83","6.27M","4.70%"
"2019年3月28日","18.10","17.75","18.20","17.67","3.84M","2.20%"
"2019年3月27日","17.71","17.71","17.98","17.50","5.44M","0.06%"
"2019年3月26日","17.70","17.65","17.90","17.61","2.69M","0.63%"
"2019年3月25日","17.59","17.11","17.81","17.05","1.90M","2.21%"
"2019年3月22日","17.21","17.60","17.69","17.20","4.25M","-2.82%"
"2019年3月21日","17.71","17.77","18.06","17.55","4.73M","-0.23%"
"2019年3月20日","17.75","18.62","18.65","17.72","5.21M","-4.83%"
"2019年3月19日","18.65","18.57","19.00","18.45","3.48M","0.81%"
"2019年3月18日","18.50","18.91","18.95","18.37","2.30M","-1.12%"
"2019年3月15日","18.71","18.59","18.83","18.50","2.18M","1.14%"
"2019年3月14日","18.50","18.30","18.60","18.18","1.64M","1.65%"
"2019年3月13日","18.20","18.90","19.10","18.18","3.83M","-3.70%"
"2019年3月12日","18.90","18.71","19.26","18.63","3.30M","1.61%"
"2019年3月11日","18.60","18.12","18.62","17.97","4.64M","3.68%"
"2019年3月8日","17.94","17.21","18.20","17.15","3.44M","0.79%"
"2019年3月7日","17.80","18.40","18.60","17.67","3.95M","-4.61%"
"2019年3月6日","18.66","19.00","19.13","18.52","4.30M","-2.51%"
"2019年3月5日","19.14","18.66","19.32","18.27","4.53M","1.70%"
"2019年3月4日","18.82","17.63","19.00","17.57","10.39M","4.67%"
"2019年3月1日","17.98","19.11","19.20","17.92","9.82M","-5.27%"
"2019年2月28日","18.98","20.90","21.50","18.54","17.47M","-4.43%"
"2019年2月27日","19.86","19.99","20.05","19.43","5.96M","0.66%"
"2019年2月26日","19.73","19.67","19.98","19.05","4.51M","-2.62%"
"2019年2月25日","20.26","20.50","21.00","19.56","8.69M","4.00%"
"2019年2月22日","19.48","18.45","19.55","18.42","7.64M","7.39%"
"2019年2月21日","18.14","18.46","18.68","17.93","3.02M","-0.93%"
"2019年2月20日","18.31","18.03","18.75","18.02","5.23M","2.87%"
"2019年2月19日","17.80","17.81","18.22","17.77","3.31M","0.34%"
"2019年2月15日","17.74","18.50","18.51","17.72","6.52M","-6.24%"
"2019年2月14日","18.92","18.82","19.20","18.38","6.91M","3.96%"
"2019年2月13日","18.20","18.11","18.50","17.96","2.50M","1.90%"
"2019年2月12日","17.86","17.51","18.21","17.51","3.91M","3.30%"
"2019年2月11日","17.29","17.82","17.95","17.15","2.37M","-0.97%"
"2019年2月8日","17.46","16.99","17.65","16.43","1.70M","1.63%"
"2019年2月7日","17.18","17.99","18.06","16.99","4.05M","-5.66%"
"2019年2月6日","18.21","18.19","18.48","18.07","2.87M","0.00%"
"2019年2月5日","18.21","17.76","18.43","17.66","2.06M","2.88%"
"2019年2月4日","17.70","17.89","18.05","17.47","2.42M","-0.73%"
"2019年2月1日","17.83","18.30","18.61","17.75","3.08M","-3.15%"
"2019年1月31日","18.41","18.28","18.46","17.96","5.10M","3.66%"
"2019年1月30日","17.76","18.19","18.30","17.68","2.81M","-0.45%"
"2019年1月29日","17.84","17.99","18.38","17.67","6.34M","-0.78%"
"2019年1月28日","17.98","17.14","18.16","16.80","4.10M","3.10%"
"2019年1月25日","17.44","17.22","17.50","16.97","3.76M","3.26%"
"2019年1月24日","16.89","16.09","17.18","16.00","4.38M","5.89%"
"2019年1月23日","15.95","16.19","16.37","15.84","3.08M","0.13%"
"2019年1月22日","15.93","16.16","16.19","15.75","4.49M","-4.67%"
"2019年1月18日","16.71","16.86","17.09","16.60","3.64M","1.09%"
"2019年1月17日","16.53","15.90","16.82","15.75","3.89M","3.12%"
"2019年1月16日","16.03","15.77","16.15","15.56","4.32M","3.35%"
"2019年1月15日","15.51","15.33","15.80","15.23","3.14M","2.99%"
"2019年1月14日","15.06","15.20","15.37","14.71","2.39M","-1.95%"
"2019年1月11日","15.36","16.02","16.09","15.29","4.05M","-5.54%"
"2019年1月10日","16.26","15.40","16.60","15.30","5.97M","3.24%"
"2019年1月9日","15.75","14.04","16.37","14.01","7.95M","6.56%"
"2019年1月8日","14.78","14.52","15.10","14.40","4.80M","3.57%"
"2019年1月7日","14.27","13.94","14.37","13.74","2.36M","4.16%"
"2019年1月4日","13.70","13.45","13.89","13.40","2.97M","5.79%"
"2019年1月3日","12.95","14.19","14.20","12.85","5.04M","-9.31%"
"2019年1月2日","14.28","14.00","14.63","13.98","1.90M","-2.12%"
"2018年12月31日","14.59","14.57","15.00","14.40","2.91M","1.53%"
"2018年12月28日","14.37","14.04","14.42","13.81","2.76M","2.06%"
"2018年12月27日","14.08","13.41","14.20","13.33","2.18M","1.66%"
"2018年12月26日","13.85","13.78","13.96","13.27","3.56M","1.02%"
"2018年12月24日","13.71","13.04","13.83","12.66","4.58M","3.08%"
"2018年12月21日","13.30","15.18","15.50","13.16","13.88M","-9.09%"
"2018年12月20日","14.63","15.18","15.23","14.05","7.51M","0.55%"
"2018年12月19日","14.55","14.80","15.17","14.50","3.24M","-1.15%"
"2018年12月18日","14.72","14.48","14.80","14.30","3.05M","3.08%"
"2018年12月17日","14.28","14.93","14.94","14.22","3.11M","-6.18%"
"2018年12月14日","15.22","14.80","15.43","14.30","4.10M","1.81%"
"2018年12月13日","14.95","15.44","15.57","14.91","2.63M","-2.22%"
"2018年12月12日","15.29","15.30","15.64","15.17","3.44M","1.59%"
"2018年12月11日","15.05","15.02","15.33","14.81","2.03M","2.31%"
"2018年12月10日","14.71","14.59","15.09","14.59","3.15M","0.14%"
"2018年12月7日","14.69","14.66","15.40","14.52","3.61M","0.07%"
"2018年12月6日","14.68","14.03","14.73","13.90","4.84M","2.44%"
"2018年12月4日","14.33","15.52","15.70","14.11","4.91M","-7.07%"
"2018年12月3日","15.42","16.29","16.74","15.32","5.35M","-1.22%"
"2018年11月30日","15.61","15.15","15.74","14.90","5.78M","4.55%"
"2018年11月29日","14.93","15.93","15.95","14.64","6.59M","-7.50%"
"2018年11月28日","16.14","15.20","16.17","15.03","5.34M","7.82%"
"2018年11月27日","14.97","14.70","15.19","14.50","3.10M","0.20%"
"2018年11月26日","14.94","15.15","15.36","14.64","2.89M","-0.27%"
"2018年11月23日","14.98","14.53","15.06","14.20","2.80M","-1.06%"
"2018年11月21日","15.14","13.79","16.13","13.75","19.46M","11.32%"
"2018年11月20日","13.60","13.05","13.90","12.85","5.87M","4.37%"
"2018年11月19日","13.03","14.40","14.42","13.02","5.02M","-10.14%"
"2018年11月16日","14.50","14.20","14.94","13.96","3.60M","0.21%"
"2018年11月15日","14.47","13.86","14.79","13.79","3.44M","6.71%"
"2018年11月14日","13.56","13.87","14.14","13.54","1.71M","-1.53%"
"2018年11月13日","13.77","13.33","13.93","13.10","2.40M","6.74%"
"2018年11月12日","12.90","13.51","13.71","12.78","3.24M","-3.73%"
"2018年11月9日","13.40","14.06","14.06","13.32","2.69M","-7.52%"
"2018年11月8日","14.49","15.06","15.08","14.35","2.15M","-4.36%"
"2018年11月7日","15.15","15.39","15.44","14.81","2.01M","1.61%"
"2018年11月6日","14.91","14.36","15.48","14.35","4.48M","3.83%"
"2018年11月5日","14.36","14.40","14.78","14.25","1.71M","-0.49%"
"2018年11月2日","14.43","14.96","15.18","14.16","5.44M","1.69%"
"2018年11月1日","14.19","13.85","15.16","13.03","12.34M","5.11%"
"2018年10月31日","13.50","13.63","14.50","13.28","8.97M","3.05%"
"2018年10月30日","13.10","12.58","13.40","12.31","2.48M","5.05%"
"2018年10月29日","12.47","13.45","13.55","12.26","2.04M","-5.32%"
"2018年10月26日","13.17","12.25","13.26","12.15","2.58M","4.77%"
"2018年10月25日","12.57","12.24","12.63","12.21","2.78M","4.84%"
"2018年10月24日","11.99","12.89","12.94","11.87","3.62M","-7.56%"
"2018年10月23日","12.97","12.67","13.17","12.57","1.84M","-0.61%"
"2018年10月22日","13.05","13.00","13.07","12.75","3.45M","4.48%"
"2018年10月19日","12.49","12.94","13.07","12.37","1.92M","-0.95%"
"2018年10月18日","12.61","12.91","13.10","12.49","3.15M","-4.83%"
"2018年10月17日","13.25","13.67","13.72","12.91","2.13M","-1.56%"
"2018年10月16日","13.46","14.00","14.29","13.26","4.06M","-3.51%"
"2018年10月15日","13.95","13.28","14.18","13.26","3.16M","1.75%"
"2018年10月12日","13.71","13.37","13.85","13.28","4.14M","8.04%"
"2018年10月11日","12.69","12.03","12.90","12.02","3.19M","2.17%"
"2018年10月10日","12.42","13.26","13.26","12.10","3.84M","-5.69%"
"2018年10月9日","13.17","13.31","13.54","13.00","2.46M","-3.37%"
"2018年10月8日","13.63","12.72","13.74","12.65","3.54M","2.10%"
"2018年10月5日","13.35","13.37","13.88","12.90","4.57M","-1.48%"
"2018年10月4日","13.55","14.14","14.44","12.88","6.89M","-5.71%"
"2018年10月3日","14.37","15.15","15.50","14.03","18.03M","7.96%"
"2018年10月2日","13.31","13.40","13.70","12.84","4.11M","-4.59%"
"2018年10月1日","13.95","13.70","14.09","13.57","3.23M","3.49%"
"2018年9月28日","13.48","12.90","13.69","12.89","4.17M","3.53%"
"2018年9月27日","13.02","12.87","13.10","12.73","2.28M","1.17%"
"2018年9月26日","12.87","12.49","13.42","12.45","4.92M","2.55%"
"2018年9月25日","12.55","12.00","12.66","11.70","3.39M","4.58%"
"2018年9月24日","12.00","11.70","12.23","11.28","5.84M","-3.46%"
"2018年9月21日","12.43","13.45","13.67","12.36","5.07M","-7.51%"
"2018年9月20日","13.44","13.49","13.69","12.97","2.21M","1.66%"
"2018年9月19日","13.22","13.69","14.00","13.20","2.76M","-3.92%"
"2018年9月18日","13.76","13.40","14.07","13.13","3.96M","4.01%"
"2018年9月17日","13.23","13.29","13.50","12.78","3.33M","-2.14%"
"2018年9月14日","13.52","13.29","13.66","12.91","3.90M","1.27%"
"2018年9月13日","13.35","13.46","14.12","13.16","6.43M","2.46%"
"2018年9月12日","13.03","12.00","13.68","11.89","9.42M","10.05%"
"2018年9月11日","11.84","11.11","11.99","11.11","3.51M","4.69%"
"2018年9月10日","11.31","11.73","11.94","11.31","2.53M","-3.42%"
"2018年9月7日","11.71","11.26","11.88","11.00","2.97M","2.72%"
"2018年9月6日","11.40","11.59","11.66","11.11","2.42M","0.09%"
"2018年9月5日","11.39","12.25","12.31","11.35","5.32M","-8.88%"
"2018年9月4日","12.50","12.75","12.86","12.04","3.76M","-2.57%"
"2018年8月31日","12.83","12.70","13.40","12.70","3.80M","-2.36%"
"2018年8月30日","13.14","13.40","13.70","12.25","8.77M","-4.51%"
"2018年8月29日","13.76","13.00","14.23","12.18","9.43M","5.20%"
"2018年8月28日","13.08","12.85","13.75","12.64","19.44M","13.44%"
"2018年8月27日","11.53","11.45","11.77","10.96","9.49M","5.68%"
"2018年8月24日","10.91","10.58","10.99","10.41","3.99M","3.61%"
"2018年8月23日","10.53","11.21","11.35","10.43","4.61M","-4.36%"
"2018年8月22日","11.01","11.75","11.82","10.96","4.49M","-7.09%"
"2018年8月21日","11.85","11.55","12.43","11.50","5.49M","4.87%"
"2018年8月20日","11.30","11.25","11.44","10.50","5.32M","5.61%"
"2018年8月17日","10.70","10.55","10.87","9.94","2.92M","1.33%"
"2018年8月16日","10.56","10.51","10.94","10.50","5.20M","2.82%"
"2018年8月15日","10.27","9.90","10.30","9.09","10.74M","-3.66%"
"2018年8月14日","10.66","10.57","10.69","10.26","5.84M","-1.39%"
"2018年8月13日","10.81","11.19","11.27","10.70","2.27M","-2.96%"
"2018年8月10日","11.14","11.25","11.37","11.02","2.69M","-0.98%"
"2018年8月9日","11.25","11.40","11.58","11.22","1.84M","-1.23%"
"2018年8月8日","11.39","11.49","11.68","11.24","1.81M","-0.09%"
"2018年8月7日","11.40","11.38","11.67","11.30","2.80M","1.15%"
"2018年8月6日","11.27","11.12","11.74","11.11","3.41M","1.90%"
"2018年8月3日","11.06","11.51","11.60","11.00","2.90M","-3.91%"
"2018年8月2日","11.51","11.00","11.52","10.70","6.49M","1.59%"
"2018年8月1日","11.33","11.66","11.73","11.16","3.79M","-3.25%"
"2018年7月31日","11.71","11.50","12.25","11.35","3.24M","1.04%"
"2018年7月30日","11.59","11.30","12.00","11.05","6.69M","-4.45%"
"2018年7月27日","12.13","13.10","13.10","12.00","6.57M","-5.01%"
"2018年7月26日","12.77","12.80","13.15","12.66","6.99M","-4.42%"
"2018年7月25日","13.36","13.77","13.95","13.13","9.28M","-4.02%"
"2018年7月24日","13.92","14.40","14.77","13.65","6.21M","-1.83%"
"2018年7月23日","14.18","14.41","14.70","13.64","4.92M","-1.60%"
"2018年7月20日","14.41","13.96","14.71","13.82","6.37M","3.52%"
"2018年7月19日","13.92","14.43","15.08","13.80","10.80M","-3.53%"
"2018年7月18日","14.43","13.95","14.99","13.90","10.27M","5.41%"
"2018年7月17日","13.69","13.42","14.15","13.10","6.86M","-0.80%"
"2018年7月16日","13.80","13.72","14.25","13.28","8.54M","0.00%"
"2018年7月13日","13.80","14.50","14.69","13.50","9.52M","-3.23%"
"2018年7月12日","14.26","13.20","14.40","12.95","11.80M","11.58%"
"2018年7月11日","12.78","12.96","13.53","12.76","7.44M","-3.62%"
"2018年7月10日","13.26","13.47","13.97","13.13","6.78M","-4.26%"
"2018年7月9日","13.85","13.66","14.08","13.29","9.26M","4.14%"
"2018年7月6日","13.30","12.51","13.37","12.50","6.02M","3.10%"
"2018年7月5日","12.90","14.00","14.10","12.88","6.62M","-6.52%"
"2018年7月3日","13.80","13.54","14.09","13.12","3.66M","3.29%"
"2018年7月2日","13.36","13.24","13.64","12.97","7.24M","-4.50%"
"2018年6月29日","13.99","14.90","14.90","13.82","6.03M","-3.52%"
"2018年6月28日","14.50","13.50","14.90","13.31","7.18M","4.32%"
"2018年6月27日","13.90","16.21","16.30","13.89","9.58M","-12.30%"
"2018年6月26日","15.85","15.95","16.53","15.51","7.16M","3.19%"
"2018年6月25日","15.36","15.67","16.19","14.80","8.81M","-7.75%"
"2018年6月22日","16.65","16.52","16.88","15.38","8.72M","1.28%"
"2018年6月21日","16.44","18.50","18.54","16.00","13.20M","-11.33%"
"2018年6月20日","18.54","20.04","20.29","18.50","8.23M","-3.34%"
"2018年6月19日","19.18","20.80","21.25","19.08","10.72M","-9.87%"
"2018年6月18日","21.28","19.35","21.66","18.95","10.16M","8.30%"
"2018年6月15日","19.65","20.57","21.35","18.82","14.06M","-4.15%"
"2018年6月14日","20.50","20.69","22.70","19.60","19.54M","2.14%"
"2018年6月13日","20.07","18.78","20.24","18.50","10.18M","7.56%"
"2018年6月12日","18.66","18.62","19.10","17.60","7.31M","1.30%"
"2018年6月11日","18.42","19.01","19.35","17.36","11.99M","-2.80%"
"2018年6月8日","18.95","16.10","19.35","15.85","10.54M","16.83%"
"2018年6月7日","16.22","16.56","16.79","16.05","1.98M","-2.11%"
"2018年6月6日","16.57","16.94","16.96","16.14","2.73M","-0.84%"
"2018年6月5日","16.71","16.48","16.74","15.60","4.19M","1.70%"
"2018年6月4日","16.43","17.40","18.16","16.25","5.66M","-2.84%"
"2018年6月1日","16.91","16.51","17.20","15.87","4.29M","4.19%"
"2018年5月31日","16.23","17.13","17.71","15.00","10.14M","-2.64%"
"2018年5月30日","16.67","15.20","16.88","15.19","6.64M","10.91%"
"2018年5月29日","15.03","14.30","15.19","14.22","4.15M","5.55%"
"2018年5月25日","14.24","13.86","14.44","13.85","3.62M","2.82%"
"2018年5月24日","13.85","14.35","15.49","13.45","16.60M","11.33%"
"2018年5月23日","12.44","13.07","13.38","12.30","6.22M","-5.33%"
"2018年5月22日","13.14","13.00","13.26","12.61","2.36M","3.06%"
"2018年5月21日","12.75","12.94","13.18","12.67","3.48M","-0.70%"
"2018年5月18日","12.84","13.50","13.50","12.80","2.47M","-5.24%"
"2018年5月17日","13.55","13.83","14.87","13.03","4.41M","-3.97%"
"2018年5月16日","14.11","12.24","14.35","12.16","3.11M","16.04%"
"2018年5月15日","12.16","12.07","12.42","11.52","1.53M","0.75%"
"2018年5月14日","12.07","11.55","12.20","11.50","1.95M","5.32%"
"2018年5月11日","11.46","11.06","12.19","11.06","3.15M","4.18%"
"2018年5月10日","11.00","10.73","11.68","10.51","1.65M","3.29%"
"2018年5月9日","10.65","10.41","10.73","10.28","1.04M","3.70%"
"2018年5月8日","10.27","10.05","10.49","9.95","734.15K","2.70%"
"2018年5月7日","10.00","10.01","10.14","9.86","877.76K","0.10%"
"2018年5月4日","9.99","10.18","10.28","9.86","954.54K","-0.89%"
"2018年5月3日","10.08","10.19","10.46","10.00","844.18K","-1.75%"
"2018年5月2日","10.26","10.52","10.64","10.21","558.73K","-3.02%"
"2018年5月1日","10.58","10.84","11.04","10.41","581.01K","-3.11%"
"2018年4月30日","10.92","10.70","11.08","10.10","1.09M","2.92%"
"2018年4月27日","10.61","11.00","11.10","10.61","495.07K","-3.55%"
"2018年4月26日","11.00","11.06","11.19","10.85","343.44K","0.92%"
"2018年4月25日","10.90","11.19","11.29","10.82","1.53M","-3.45%"
"2018年4月24日","11.29","11.25","11.52","11.21","1.22M","0.89%"
"2018年4月23日","11.19","11.29","11.46","11.05","867.78K","0.00%"
"2018年4月20日","11.19","11.25","11.31","11.06","625.65K","-1.41%"
"2018年4月19日","11.35","11.40","11.49","11.28","433.05K","0.00%"
"2018年4月18日","11.35","11.44","11.50","11.29","582.36K","0.27%"
"2018年4月17日","11.32","11.35","11.40","11.16","635.05K","-0.09%"
"2018年4月16日","11.33","11.41","11.50","11.33","562.04K","-0.61%"
"2018年4月13日","11.40","11.60","11.69","11.32","803.95K","-1.89%"
"2018年4月12日","11.62","11.53","11.76","11.35","2.08M","1.22%"
"2018年4月11日","11.48","11.58","11.59","11.03","1.50M","-0.17%"
"2018年4月10日","11.50","11.45","11.59","11.25","2.20M","3.60%"
"2018年4月9日","11.10","11.00","11.69","10.96","2.65M","1.46%"
"2018年4月6日","10.94","10.95","11.03","10.85","684.72K","-0.36%"
"2018年4月5日","10.98","11.00","11.05","10.75","893.30K","0.09%"
"2018年4月4日","10.97","10.75","11.08","10.55","1.50M","0.55%"
"2018年4月3日","10.91","11.50","11.50","10.79","2.51M","-0.82%"
"2018年4月2日","11.00","11.05","11.50","10.91","2.77M","0.00%"
"2018年3月29日","11.00","11.50","11.80","10.65","5.86M","-2.14%"